"","V1","V2","V3","V4","V5","V6","V7","V8","V9","V10","V11","V12","V13","V14","V15","V16","V17","V18","V19","V20","V21","V22","V23","V24","V25","V26","V27","V28","V29","V30","V31","V32","V33","V34","V35","V36","V37","V38","V39","V40","V41","V42","V43","V44","V45","V46","V47","V48","V49","V50","V51","V52","V53","V54","V55","V56","V57","V58","V59","V60","V61","V62","V63","V64","V65","V66","V67","V68","V69","V70","V71","V72","V73","V74","V75","V76","V77","V78","V79","V80","V81","V82","V83","V84","V85","V86","V87","V88","V89","V90","V91","V92","V93","V94","V95","V96","V97","V98","V99","V100","V101","V102","V103","V104","V105","V106","V107","V108","V109","V110","V111","V112","V113","V114","V115","V116","V117","V118","V119","V120","V121","V122","V123","V124","V125","V126","V127","V128","V129","V130"
"EWS.T1",0.2012,0.405,0.2346,0.0749,0.4171,0.2586,2.3136,0.49,0.294,3.2109,1.4797,0.6099,0.2613,0.1331,0.1197,0.952,0.9514,0.5617,0.9201,0.3267,0.1138,0.8212,0.9203,4.0651,0.1705,1.0646,0.6373,0.2644,1.4836,0.1799,0.4528,0.3608,0.3051,0.3774,2.5518,0.4046,3.4742,0.9877,0.9522,0.3077,0.0759,1.2601,0.1423,0.7978,0.9168,1.3734,0.6368,2.7916,0.5175,0.1792,0.1516,1.9088,0.4018,0.4798,1.2723,2.8092,0.7123,0.8869,0.1473,0.0618,0.2393,3.6298,0.309,0.9116,2.4609,0.1725,2.8278,0.1297,2.0922,0.9912,0.8518,0.4929,1.1716,0.1225,0.5218,0.4324,0.5331,0.4,0.3564,0.5666,0.2013,0.7331,0.2391,0.8344,3.4624,3.7974,0.3711,0.5634,0.1213,1.1632,0.4797,0.1829,0.1064,1.0258,0.2353,0.83,0.0564,0.1262,1.4245,1.094,0.416,1.6679,0.8748,0.0881,0.55,0.4147,0.2151,0.7922,0.5752,0.2991,0.086,0.1638,0.3098,0.2069,4.0416,0.2345,0.3408,0.4964,0.6507,0.3109,2.9653,0.824,3.9433,0.2869,0.2537,0.6295,0.3863,0.1831,0.1844,4.0134
"EWS.T2",0.2845,0.3516,0.3733,0.0874,0.7674,0.1433,1.4648,0.5916,0.3585,0.5356,2.6196,0.347,0.1979,0.2525,0.0933,0.725,0.5862,0.6172,0.7875,0.4095,0.2039,1.1187,0.8436,4.7284,0.1541,0.9492,0.2957,0.3438,1.1465,0.487,0.168,0.1938,0.2079,0.6361,2.4179,1.2873,2.9787,2.2909,0.7716,0.3146,0.2375,1.6687,0.1588,0.9342,1.6283,1.0902,1.072,2.9033,0.2104,0.1192,0.2042,0.7781,0.5109,0.5292,0.8432,5.2223,1.188,0.562,0.3122,0.6219,0.2649,2.9011,0.1718,0.5872,2.2076,0.3799,1.7705,0.1199,2.425,2.4052,0.4868,1.2471,1.0746,0.1071,1.0363,0.5067,2.1597,0.2286,0.7025,0.4469,0.1619,0.4976,0.5549,1.33,0.9099,2.0848,0.4647,0.3357,0.0847,0.8454,0.4638,0.1265,0.0677,0.9636,0.1856,0.8167,0.1132,0.1717,2.0306,0.8698,0.6563,2.9884,2.1933,0.1052,0.416,0.2785,0.2423,1.0275,0.4646,0.2054,0.1757,1.2413,0.3648,0.2619,5.5381,0.1987,0.4758,0.4959,0.084,0.6175,2.3953,0.9112,4.4723,0.4643,1.0198,0.5987,0.6338,0.9324,0.2833,2.3451
"EWS.T3",0.2842,0.2223,0.3678,0.1722,0.6715,0.3611,1.4345,0.483,0.8738,0.5314,2.5617,0.3479,0.2368,0.2184,0.169,0.8154,0.646,0.7052,0.9048,0.4201,0.1744,0.9908,0.8773,4.712,0.2359,0.9708,0.3522,0.4002,0.955,0.3314,0.2556,0.5976,0.3752,0.4743,2.1209,1.3759,2.4409,1.4098,1.5708,0.2125,0.2432,1.1577,0.2088,1.539,1.6226,1.1473,0.6339,1.8425,0.1668,0.1661,0.1054,0.6506,0.2865,0.5762,0.5333,3.1115,0.4548,0.795,0.285,0.3627,0.2916,2.954,0.3003,0.416,3.368,0.1848,3.1012,0.1075,2.6828,1.236,0.3941,1.1464,1.0838,0.1639,0.2727,0.3134,0.6278,0.5205,0.2394,0.549,0.1394,0.9748,0.4437,0.7543,3.0273,2.5333,0.4283,0.26,0.163,0.7596,0.3063,0.3741,0.1408,1.3675,0.2187,0.6292,0.1187,0.2145,2.3393,0.7863,0.5589,2.5427,1.0639,0.1812,0.4549,0.2982,0.3112,0.5982,0.5121,0.206,0.1148,0.5944,0.3268,0.2079,5.0753,0.1892,0.362,0.607,0.1838,0.3248,0.7713,0.3791,2.0101,0.3192,1.074,0.6311,0.3197,0.2683,0.2713,4.1262
"EWS.T4",0.2118,0.4948,0.2417,2.1712,0.2794,0.2178,0.3965,0.1945,1.0699,2.1751,0.5219,0.2031,0.3737,0.4405,0.3227,0.9017,0.5633,1.4393,1.4082,0.497,0.1924,0.2988,0.3487,9.4802,0.1267,1.3658,0.3963,0.3118,0.5004,0.8533,0.9321,1.9991,0.1526,0.7268,0.5897,0.3551,3.3017,2.1626,0.0879,0.0707,0.4408,0.784,0.1534,1.0009,1.6934,0.4161,0.1921,0.3848,0.1254,0.2205,0.1686,1.6334,0.5025,1.2305,0.7463,1.9079,0.3343,0.3158,0.1982,4.9498,0.2799,1.0982,0.3126,0.5484,1.9122,0.3994,0.4846,0.6866,0.3941,3.3648,1.5569,0.6006,4.7681,0.2634,0.6973,0.2667,1.6575,0.1346,0.3991,2.0286,0.2517,0.8061,0.3046,0.4432,2.537,2.2445,0.3216,1.5886,0.1485,0.5532,1.1096,0.2172,0.0859,0.7213,0.2232,0.1707,0.2006,0.3043,1.5462,0.8921,0.3437,2.1233,1.9688,0.3453,0.5229,0.5336,0.1954,0.8528,0.2998,0.5581,0.1902,0.2769,0.6515,0.3701,6.7798,0.4008,0.9716,0.2547,0.3586,0.1131,1.6691,0.1961,4.3301,0.7217,0.754,0.1804,0.1897,0.6081,0.3253,5.1079
"EWS.T6",0.4948,1.0945,0.855,0.1756,0.2004,1.7506,2.1061,0.7004,0.507,2.8353,2.3,0.9962,0.7502,0.2535,0.1255,1.1674,1.5336,0.6162,0.5883,0.201,0.1453,0.5431,0.3717,3.6433,0.3172,1.2484,0.5149,0.4312,0.4855,0.3304,1.3885,2.1437,0.8173,0.5125,2.545,0.6285,2.1392,0.5043,1.829,0.2505,0.4016,1.953,0.4088,0.718,0.6367,1.191,1.4697,1.8301,0.216,0.521,0.1441,0.8442,0.3253,0.3879,0.4992,2.0581,0.5977,0.6978,0.1435,0.4914,0.2365,1.8253,0.6884,0.6137,0.8545,0.2591,2.2626,1.2406,1.0694,1.1753,0.2338,0.2829,1.3366,1.2973,0.6647,0.572,0.6671,1.0492,0.627,0.4881,0.3298,0.5611,0.2922,1.4636,2.0915,1.8241,0.1353,0.9796,0.1909,0.9816,0.9821,0.4953,0.4833,0.8761,0.1676,0.3326,1.6838,0.0513,1.1339,0.3425,0.3238,2.1535,0.7723,0.2197,0.5118,0.3906,0.3141,0.3124,0.2031,0.3242,0.2746,1.5028,0.4455,0.4317,4.5705,0.3318,0.4327,0.9249,0.3173,0.4431,5.0489,0.7654,3.3461,0.5506,0.7351,0.9005,0.2734,0.2854,0.2585,3.9941
"EWS.T7",0.5933,0.4084,0.6116,0.2428,0.4804,2.5079,1.4034,0.4976,0.3888,2.471,4.1977,0.5696,0.3238,0.3089,0.2884,0.5244,0.8445,1.018,1.3355,0.3453,0.084,1.0973,0.4646,4.4317,1.1875,1.325,0.552,0.347,0.447,0.292,2.3132,1.6152,0.8154,0.4408,3.8302,0.6646,3.5077,0.887,1.5725,0.4738,0.4249,1.6133,0.2603,1.7479,1.9489,1.103,1.7644,2.2618,0.3075,0.3575,0.2671,1.1111,0.3654,0.4163,0.5278,1.1751,0.9067,0.9987,0.2151,0.2692,0.2333,5.1926,0.7723,0.5214,0.8953,0.411,2.3532,0.5677,2.3013,1.1379,0.1992,0.6438,1.0361,1.3216,0.8741,0.6186,0.4715,1.0617,0.3937,0.4318,0.3301,0.6002,0.4213,1.3623,4.5931,3.3781,0.2375,0.5535,0.3708,0.8238,1.2832,0.9973,0.4982,1.3061,0.3256,0.594,0.9739,0.1899,1.6894,0.711,0.3646,1.9601,1.0755,0.2154,0.6068,0.3518,0.3065,0.8423,0.9869,0.7396,0.1328,0.4395,0.4058,0.3236,4.0174,0.2469,0.3488,0.4379,0.9717,0.572,5.6387,0.9961,5.0741,0.4577,0.475,0.4087,0.3454,0.3732,0.2248,3.4064
"EWS.T9",0.5335,0.4597,0.4936,0.2773,0.6829,1.4402,2.0521,0.3574,0.5489,1.922,1.8697,0.7972,0.4174,0.4472,0.4708,0.4271,0.3936,0.3668,0.4046,0.4476,0.3654,0.3691,0.5135,3.7162,0.6835,1.1648,0.4317,0.5283,0.343,0.4818,1.3306,0.7244,0.4611,0.3391,1.7995,0.8607,4.1323,0.8105,0.4774,0.4551,0.2374,1.7163,0.517,1.5588,1.8979,0.619,0.8377,2.9926,0.4207,0.6542,0.4373,0.9096,0.4934,0.7074,0.4977,1.6839,0.9046,0.5641,0.3532,0.2968,0.3858,5.0563,0.6929,0.3562,0.8907,0.3427,3.1344,0.5328,2.0873,1.2185,0.4074,0.3052,0.7257,1.0642,0.6927,0.6509,0.6062,0.4839,0.369,0.4536,0.2666,0.5107,0.6322,0.7091,3.06,1.7393,0.2327,0.6273,0.3619,1.1451,1.235,0.4856,0.8068,1.0254,0.336,0.9578,1.486,0.4616,2.598,1.3409,0.5757,3.1885,0.4415,0.368,0.5677,0.439,0.5028,0.4611,0.3222,0.3282,0.4039,0.4702,0.7795,0.2697,1.7546,0.1658,0.5604,0.3681,1.006,0.5746,4.069,0.589,6.4894,0.6279,0.6784,0.6876,0.3844,0.4885,0.4035,2.6916
"EWS.T11",0.3173,0.2706,0.4087,0.3619,0.3276,1.1551,2.9059,0.2641,0.5005,5.1115,3.3171,1.0523,0.3239,0.3387,0.4352,0.8402,0.9855,0.6945,0.5764,0.4949,0.2071,1.6798,0.508,5.4842,0.37,1.2702,1.377,0.501,0.4869,0.2499,2.3626,0.9498,0.4205,1.6597,2.7679,0.4726,2.217,0.9827,1.0679,0.4274,0.1717,0.5461,0.1749,1.6318,1.3597,0.7175,1.3819,3.5139,0.2205,0.5611,0.189,0.7743,0.4165,0.4882,0.6098,2.2628,1.0674,0.6269,0.268,0.2905,0.2844,5.2172,0.9294,0.3541,0.6885,0.363,1.4507,0.4209,1.3933,1.2423,0.2738,0.7546,1.0932,0.8429,0.3463,0.3221,0.4802,0.5427,0.4601,0.1805,0.1996,0.5208,0.2955,1.4744,4.5397,2.2411,0.2407,0.4989,0.1971,1.0764,0.4881,0.4278,0.8379,1.0136,0.6342,0.9899,0.8022,0.4198,1.3076,0.6971,0.3714,3.5232,0.7747,0.1826,0.6328,0.2475,0.4778,0.5351,0.52,0.3735,0.2217,0.5391,0.3409,0.2137,3.1754,0.3558,0.3872,0.2623,0.5255,0.3296,4.7007,0.2356,5.1036,0.4346,1.176,0.555,0.2793,0.5303,0.3533,2.3477
"EWS.T12",0.3443,0.4955,0.7888,0.2505,0.2298,0.9388,3.6517,0.2324,0.9941,5.7111,2.5088,0.5496,0.2281,0.3454,0.1465,1.0384,1.3495,0.8709,0.4825,0.1909,0.0772,1.3472,0.6706,4.8613,0.1365,1.2311,0.7863,0.4531,0.3238,0.2521,2.044,0.6675,0.5294,0.3556,3.8862,0.3953,2.3521,0.7271,1.525,0.325,0.1265,0.7469,0.0976,1.8028,2.3401,0.8173,1.4857,4.8571,0.134,0.5246,0.1595,1.6879,0.3425,0.4308,0.5335,1.9194,0.8174,0.3316,0.1773,0.2111,0.1502,4.6417,0.9253,0.3666,0.5795,0.2279,1.6677,0.2341,1.5833,1.1494,0.0978,0.5567,1.433,0.8482,0.2448,0.3486,0.6216,0.5204,0.647,0.1387,0.175,0.3655,0.1596,1.835,4.6607,1.7389,0.1899,0.3883,0.1442,1.2718,0.6091,0.1179,0.4767,0.6925,0.3717,0.6733,0.7647,0.2739,1.2591,0.6801,0.3485,2.4477,1.2992,0.1653,0.3667,0.1981,0.4412,0.4658,0.3268,0.2482,0.1402,0.1542,0.4277,0.1951,3.2994,0.3728,0.3292,0.1808,0.4778,0.2182,8.2508,0.3411,8.0304,0.3162,1.0694,0.3603,0.1439,0.1999,0.1493,3.6247
"EWS.T13",0.5522,0.3507,0.6773,0.3248,0.4228,2.8685,1.3226,0.5722,0.5796,4.475,1.2457,0.6216,0.2326,0.3201,0.1536,2.0772,0.7855,0.4566,0.3235,0.2588,0.1117,0.4781,0.2272,2.907,1.5103,1.1425,0.7903,0.2485,0.2673,0.25,2.1551,1.3953,0.3809,0.2121,1.7843,0.4659,1.8964,0.3987,0.8203,0.3481,0.1653,0.9303,0.2202,1.4455,0.9441,1.1499,1.3636,1.3013,0.3027,1.0177,0.097,0.9995,0.3468,0.3012,0.4622,2.3403,0.8079,0.4608,0.1437,0.2017,0.1977,3.0533,0.8454,0.3368,1.0492,0.1528,3.9261,0.5964,1.8526,0.3549,0.1478,0.264,0.6765,1.2479,0.4575,0.4004,0.5427,0.2446,0.3886,0.458,0.1845,0.3545,0.4448,2.0706,4.4143,1.5324,0.1064,0.385,0.3899,1.565,0.5428,0.3586,1.121,0.7378,0.2305,0.4175,0.8281,0.2457,1.6947,0.3894,0.2638,0.8037,0.31,0.1682,0.5771,0.2256,0.7637,0.2074,2.8694,0.2786,0.4107,1.5768,0.3814,0.2086,1.6202,0.1434,0.8943,0.4885,1.5378,0.2686,6.6968,0.4818,5.334,0.2728,0.698,0.3673,1.4037,0.2173,0.2142,2.5821
"EWS.T14",0.3583,0.3878,0.3033,0.5537,0.2731,3.6198,1.7003,0.6095,0.3343,4.7451,0.9559,0.6272,0.2887,0.4844,0.1713,0.7023,1.1183,0.8082,0.4949,0.4524,0.0835,0.2637,0.5233,6.3467,0.883,0.9408,0.9391,0.3248,0.3623,0.1503,2.8688,0.8759,0.7315,0.2031,3.1497,0.5719,2.0589,0.4774,0.733,0.8247,0.2739,1.0743,0.1866,2.219,3.7029,0.8951,1.5732,2.8727,0.2673,0.5687,0.1151,0.903,0.5413,0.9726,0.913,1.2683,1.283,0.5164,0.2258,0.1674,0.1731,6.0027,0.7297,0.2566,0.9414,0.1304,2.7723,0.9095,2.3273,0.8752,0.1581,0.1908,0.5565,1.7717,0.6979,0.4483,0.7224,0.4014,0.3691,0.3066,0.2881,0.3809,0.2449,2.6,7.7327,3.9939,0.1536,0.268,0.1521,0.6328,0.5674,0.69,0.9065,0.9668,0.2843,0.4653,1.1462,0.249,1.4709,0.9191,0.1571,2.2799,0.5796,0.1285,0.8473,0.2421,0.5247,0.5395,0.7569,0.1882,0.1989,0.3021,0.3464,0.24,7.1902,0.1248,0.248,0.2486,0.2228,0.5757,1.8983,0.4697,3.667,0.3707,0.5307,0.2183,0.3076,0.1353,0.1557,3.1955
"EWS.T15",0.3396,0.5741,0.2876,0.4754,0.3425,4.6456,2.852,0.683,0.4248,6.1856,0.9602,0.476,0.2476,0.5659,0.1404,1.6557,0.5457,0.5915,0.4311,0.3867,0.091,0.4239,0.2073,9.1112,0.5628,1.4471,0.5735,0.3143,0.3352,0.2323,3.3494,1.9252,0.5166,0.2231,1.4527,0.4856,3.8,0.5519,0.4188,0.4356,0.1469,0.9733,0.1799,1.6971,1.3469,1.2671,1.1289,1.8535,0.2245,0.3984,0.1822,1.0104,0.4289,0.3765,0.5261,2.3901,1.3056,0.5977,0.2609,0.1477,0.2243,3.3262,1.0753,0.2379,0.5862,0.2619,1.4765,0.4087,1.9825,1.077,0.1195,0.2251,1.3843,1.8572,1.1518,0.3352,0.7518,0.3719,0.7456,0.2724,0.2712,0.298,0.2065,1.5229,5.3775,2.1827,0.0827,0.2709,0.1472,1.1177,0.9691,0.8557,0.6945,1.1238,0.2527,0.6339,1.6585,0.4963,1.372,0.5163,0.2047,2.3442,0.7062,0.1598,0.4232,0.2576,0.4847,0.3977,0.6347,0.2066,0.2065,0.5296,0.4626,0.2355,4.4675,0.1462,0.6761,0.1855,0.2867,0.2938,4.855,1.2083,6.0409,0.4926,0.713,0.4303,0.4564,0.4031,0.1942,4.1509
"EWS.T19",0.3383,0.2628,0.8488,0.4179,0.5539,1.5455,1.3593,0.4396,0.1583,1.3817,2.9009,0.6195,0.3393,0.3033,0.6149,0.2231,0.5891,1.1869,0.2308,0.4403,0.317,1.3569,0.7815,5.3163,0.4234,0.6448,0.583,0.2439,0.3076,0.2291,1.961,0.9281,0.4638,0.5187,4.5617,1.3753,2.4531,0.8269,1.489,0.6092,0.2148,1.4651,0.1449,1.4046,2.2328,0.6947,1.5281,3.0645,0.4822,0.4317,0.2205,0.3531,0.5732,0.2993,0.7751,3.8509,1.1459,0.5332,0.3431,0.2022,0.2908,3.4524,0.3572,0.1288,0.7952,0.5288,2.0869,0.3453,1.9829,0.9084,0.2239,1.1335,0.3481,0.7894,0.2505,0.4146,0.5055,0.4302,0.2444,0.2969,0.1707,0.3695,0.4115,1.7359,4.5233,1.6896,0.4338,0.4582,0.3872,1.0942,0.5591,0.5964,0.7664,1.0256,0.3912,0.6429,0.7304,0.5534,0.9163,1.1547,0.7366,2.9316,0.808,0.1665,0.7639,0.2663,0.5498,0.4826,0.8202,0.2693,0.2905,1.7885,0.251,0.2264,3.7099,0.1109,0.4846,0.4073,0.1829,0.5537,7.395,1.819,2.4342,0.5667,0.3252,0.3659,0.2668,0.6329,0.3654,4.6412
"EWS.C8",0.527,0.7839,0.0979,0.3006,0.3758,1.2047,4.4923,0.2406,0.472,1.6317,1.9595,0.3375,0.1488,0.367,0.1533,0.2799,0.1344,0.1778,0.3482,0.5631,0.1328,0.157,0.0814,3.5546,0.262,1.124,0.1642,0.111,0.8015,0.2561,3.6532,0.9121,0.9567,0.1627,0.9616,1.2807,3.4956,0.4322,0.1459,1.0069,0.4388,0.7954,0.1679,1.8671,0.2565,0.1831,0.3453,6.3458,0.7457,0.4914,0.5459,1.2497,0.3981,0.1385,0.47,6.0993,1.3088,0.5008,0.2903,0.4268,0.1384,6.0721,1.3116,0.1873,0.7651,0.5585,0.7552,1.9687,2.6802,3.352,0.1882,0.1474,0.2926,0.9154,0.7332,0.2509,1.1642,0.2041,0.1071,0.6189,0.1002,0.1979,0.3441,0.8705,5.3835,1.3077,0.0408,0.1436,0.2945,1.3549,0.1734,0.3097,0.2893,0.3718,0.58,0.6108,0.7855,0.4951,3.9492,0.8562,1.0801,2.2021,1.2202,0.1596,0.3639,0.1656,0.6401,0.7179,0.6866,0.3624,0.2034,0.1055,0.6108,0.3987,3.378,0.1188,0.6739,0.5114,0.0879,0.2765,5.502,0.3542,7.4097,0.4018,1.3554,0.9141,0.1823,1.5151,0.3325,4.5169
"EWS.C3",0.2375,0.6469,0.1559,0.0561,0.1456,0.0641,2.2448,0.3899,1.0388,1.8704,1.9045,0.2047,0.2672,0.1096,0.0922,1.0833,0.2372,0.5368,0.8405,0.2215,0.0932,0.8608,0.5288,5.0274,0.1929,2.0557,0.2888,0.0781,1.4744,0.4271,0.3418,0.325,0.2144,0.3376,3.2285,0.1962,4.4234,0.9721,0.7883,0.3755,0.1987,3.117,0.1831,0.8387,0.4708,0.4482,0.4786,2.7424,0.2493,0.0711,0.3475,3.0338,0.4293,0.3853,1.1193,3.7694,0.7705,1.079,0.6194,0.2306,0.2713,2.4698,0.1988,0.6766,0.9134,0.2902,4.0535,0.3971,1.0204,1.8317,0.6665,0.7832,0.7808,0.0919,1.4633,0.8449,1.3029,0.2973,0.4445,0.367,0.2026,0.2136,0.2114,0.5833,1.5801,2.5379,0.166,0.5608,0.0834,0.8745,0.6666,0.0936,0.0676,0.2903,0.3231,0.9114,0.1287,0.1313,2.7265,0.6153,0.8744,1.6922,1.5321,0.116,0.5706,0.0993,0.1757,1.0543,0.6358,0.5209,0.2785,2.1256,0.4107,0.3084,2.6338,0.2847,0.599,0.4087,0.2725,0.5712,4.7244,1.1227,3.7971,0.5566,0.3729,0.6231,0.1017,0.7504,0.1205,0.4944
"EWS.C2",0.1609,0.695,0.1072,0.0428,0.1787,0.0591,2.2702,0.2436,0.6979,1.8456,1.7253,0.1133,0.209,0.1504,0.0886,1.5481,0.5521,0.31,0.9805,0.3044,0.119,1.2819,0.1837,4.7423,0.077,1.2996,0.1177,0.0825,1.8773,0.7624,0.3338,0.1148,0.2421,0.3721,2.8654,0.3525,4.0812,1.5914,0.8,0.2166,0.257,3.3287,0.1213,0.7847,0.3574,0.2576,0.5392,1.6481,0.1663,0.0925,0.419,2.908,0.3256,0.9955,0.6854,4.3326,0.9293,0.9322,0.5236,0.2344,0.1784,3.4959,0.1361,0.9789,1.098,0.4355,3.2345,0.2004,0.7087,3.7127,1.2111,0.4894,2.5384,0.1322,1.4323,0.6488,2.2082,0.1757,0.9276,0.2516,0.1339,0.4207,0.1916,0.4398,0.872,1.6784,0.5054,0.8165,0.0624,1.1779,1.21,0.0768,0.1029,0.3127,0.3594,0.7251,0.1213,0.15,2.14,0.6746,1.5329,1.3881,1.245,0.1008,0.4333,0.1698,0.1013,0.7096,0.4197,0.6514,0.107,0.453,0.6093,0.2801,2.979,0.1825,1.1278,0.3284,0.3235,0.6522,2.2089,1.1595,2.9232,0.7035,0.4451,0.4269,0.0458,1.4635,0.1557,1.7248
"EWS.C4",0.3462,0.7474,0.5505,0.08,2.962,0.4006,0.7287,1.5826,0.4202,1.5371,2.7633,0.5399,0.3103,0.1562,0.1582,0.3488,1.2007,0.6351,1.222,0.2731,0.0848,0.5084,1.4942,2.8508,0.2363,1.6426,0.6948,1.0614,0.2791,0.6059,0.5379,0.7679,0.6559,0.9522,1.8918,1.6455,2.5709,1.5044,1.6101,0.4698,0.2857,2.1668,0.1923,0.3125,1.5089,1.4433,1.0431,1.3174,0.4731,0.2669,0.3503,0.5514,0.2548,0.5461,0.4366,1.8691,0.357,1.1311,0.7288,0.354,0.2487,2.5383,0.1025,0.3435,2.4667,0.8341,1.5697,0.4663,2.277,1.2826,0.5118,2.5078,0.4213,0.1324,0.6071,1.0553,1.6667,1.2274,0.3094,0.501,0.3012,0.5331,0.974,2.3565,2.7979,2.177,1.4104,0.4561,0.1235,0.7337,0.908,0.6485,0.212,0.9969,0.1607,0.4192,0.1807,0.2008,2.3324,0.5114,0.3456,0.7359,2.8712,0.1087,0.7357,0.4653,0.2541,1.4353,0.6724,0.6516,0.2015,0.6976,0.3944,0.4804,2.7862,0.1906,0.594,0.5321,0.2088,0.3901,3.1138,1.439,2.4611,0.6272,0.3432,0.5845,0.3388,0.437,0.3315,2.347
"EWS.C6",0.3714,0.589,0.2601,0.4109,0.2868,2.8438,2.6173,0.7626,0.367,3.6444,2.7591,0.4364,0.193,0.4587,0.4894,0.4026,0.6083,0.4653,0.8166,0.6284,0.2956,1.4857,0.1157,3.2765,0.3715,1.0671,0.3771,0.2328,1.1515,0.185,2.774,1.0429,0.7572,0.4426,3.3129,0.4691,3.3072,1.0685,0.9971,1.3892,0.7013,1.2149,0.2282,0.7835,0.3715,0.3378,0.8131,2.9578,1.5482,0.2775,0.9991,1.678,2.4242,0.4232,0.6982,2.6614,0.9443,0.8962,0.6035,0.3346,0.2129,3.7736,0.9398,0.238,0.6493,0.5088,1.3617,0.3706,1.6987,2.0873,0.3905,0.6265,0.4033,1.313,0.9768,0.9142,1.5447,0.3536,0.2052,0.5306,0.2895,0.6863,0.4595,0.8183,3.1612,1.5695,0.1385,0.1837,1.4462,1.6405,1.1506,1.7092,0.2265,0.4245,0.6769,1.071,0.3983,0.4947,2.8362,0.8914,0.6059,1.6022,1.46,0.2144,0.4163,0.2205,0.3583,0.9408,0.9431,0.2358,0.5664,0.1652,0.3668,0.4491,2.3003,0.1011,0.4438,0.4085,0.2558,0.2666,3.5224,1.0086,3.2889,0.4088,0.3652,0.8396,0.2065,0.8376,0.5093,4.0513
"EWS.C9",0.3419,0.6215,0.2407,0.3832,0.2784,2.6963,3.1271,0.8102,0.3425,4.6242,3.0003,0.4811,0.1758,0.4201,0.4318,0.3869,0.5692,0.4381,0.7446,0.5953,0.2713,1.4188,0.1105,4.0182,0.3396,1.025,0.3345,0.2071,1.1148,0.1716,3.136,1.0667,0.7231,0.4016,4.0048,0.4456,3.8279,0.9772,0.9764,1.2943,0.6353,1.2084,0.215,0.7517,0.3513,0.3071,0.7758,3.998,1.3825,0.2541,0.7391,1.4923,2.801,0.3949,0.6968,2.8162,0.8911,0.8825,0.5223,0.2944,0.2,4.6784,0.8255,0.2279,0.6394,0.4573,1.2452,0.357,1.6168,1.9623,0.3526,0.5835,0.383,1.2201,0.9017,0.8722,1.4587,0.3264,0.1984,0.5239,0.2645,0.65,0.4189,0.7845,3.4001,1.525,0.1307,0.1713,1.42,1.5049,1.0127,1.5139,0.2172,0.4184,0.6283,1.0134,0.3942,0.4753,2.8766,0.8057,0.5622,1.4674,1.4648,0.2003,0.4,0.2151,0.358,0.8873,0.9287,0.229,0.516,0.1625,0.3667,0.4247,2.1932,0.1152,0.4164,0.3941,0.2214,0.2445,4.4397,0.9195,3.3348,0.3902,0.3351,0.8098,0.1972,0.81,0.4954,5.2958
"EWS.C7",0.44,0.8047,0.2536,0.6713,0.426,3.0515,2.7376,0.4762,0.4369,5.5496,1.7645,0.2947,0.2719,0.3889,0.1588,0.5652,0.5941,0.465,0.4592,0.6556,0.1687,0.1919,0.4262,6.2066,0.9021,1.4,0.2315,0.2928,0.8901,0.232,2.6199,1.3857,1.1274,0.2625,1.394,0.7584,2.6071,0.4687,0.4547,0.8981,0.3918,1.3648,0.1661,0.9301,1.0296,0.4177,0.5266,5.2469,1.373,0.5631,0.7643,1.3456,0.7645,0.2705,0.7336,4.4808,1.0311,0.6423,1.0908,0.291,0.1214,5.4931,0.8036,0.2131,1.485,0.2338,2.1517,0.3171,2.4293,2.3127,0.3201,0.1697,0.7692,1.3841,0.6104,0.6415,0.9196,0.6598,0.5504,0.2992,0.1978,0.3783,0.371,0.9438,4.966,2.4886,0.3022,0.1547,0.8495,0.6385,0.6807,0.2444,0.3892,0.5383,0.3596,0.359,0.8525,0.4609,2.2571,0.7104,0.466,2.4105,2.2454,0.2067,0.5711,0.2882,0.409,1.5953,0.3805,1.0523,0.1507,0.2802,0.341,0.5468,4.4975,0.2596,1.1469,0.458,0.5764,0.1327,6.0496,0.3668,6.7491,0.193,0.362,0.4806,0.1202,0.8579,0.1288,5.2135
"EWS.C1",0.1458,0.5692,0.2958,0.0379,1.1766,0.0806,1.5492,0.4992,0.6826,1.5299,2.3945,0.1952,0.0935,0.0752,0.0501,1.476,0.913,0.4127,0.6585,0.1028,0.077,1.0617,0.5511,5.0831,0.1139,1.5867,0.2605,0.2408,0.6988,0.3895,0.3988,0.2367,0.316,0.3813,2.4624,1.1659,3.8328,3.9397,0.8623,0.2519,0.0138,3.4542,0.0543,0.3464,0.9925,0.5698,0.871,3.0455,0.3247,0.0439,0.1714,1.6251,0.164,0.7967,0.3485,3.2148,0.1455,0.6172,0.7223,0.0887,0.1945,1.9981,0.1222,0.2347,2.9398,0.3942,1.6268,0.1731,2.3001,3.5483,0.6445,1.5553,1.504,0.067,0.3971,0.4286,1.9431,0.2104,0.212,0.2349,0.1467,0.3055,0.4216,1.0769,2.4,1.667,0.4507,0.3374,0.0448,0.6516,0.6237,0.1317,0.0523,0.3138,0.2256,1.124,0.0778,0.0772,2.478,0.6034,0.3234,1.7414,3.2081,0.0395,0.4111,0.1218,0.0571,1.3835,0.404,0.2068,0.0799,1.0915,0.3525,0.2924,1.4665,0.2199,0.5544,0.3463,0.1088,0.1542,4.9766,0.7691,2.1818,0.8468,0.3037,0.3137,0.0223,2.0774,0.2411,3.2644
"EWS.C11",0.8047,0.8377,0.388,0.3114,0.2708,1.4778,2.8146,1.2794,0.6411,2.3371,3.7382,1.1112,0.4048,0.5166,0.3116,0.622,1.0635,0.1811,0.5313,0.7577,0.1752,1.8554,0.1113,4.2936,0.3102,1.9152,0.2469,0.0969,0.8158,0.2595,1.8731,1.1492,0.8617,0.1657,4.768,1.2418,3.033,0.782,0.5309,0.4127,0.2831,1.3418,0.2136,0.9487,0.2176,0.1357,1.3531,4.3684,0.6587,0.2344,0.2518,2.5702,0.163,0.2006,0.1075,4.2899,0.6119,0.8568,0.3271,0.3884,0.1875,4.0599,1.2063,0.2441,0.5801,0.3748,1.1949,0.5933,1.7158,3.0371,0.2463,0.7304,0.4697,1.0218,0.4791,0.7591,1.7515,0.2236,0.3651,0.3699,0.1715,0.3015,0.4936,0.3251,3.5363,1.1037,0.0483,0.1289,0.1623,2.0777,0.4111,0.53,0.2055,0.3218,0.3467,1.1469,0.9397,0.278,2.1845,1.2968,0.7081,1.6979,1.2975,0.1952,0.1804,0.1933,0.2135,0.6375,0.7965,0.6,0.6439,0.082,0.6905,0.4639,0.6828,0.1514,0.1564,0.6853,0.0569,0.1806,2.1986,0.9364,5.5589,0.8422,0.7874,0.8224,0.1027,1.6721,0.1331,3.6355
"EWS.C10",0.5377,0.7326,0.2812,0.2042,0.1818,1.1877,5.6244,0.5924,0.6447,1.896,3.3988,0.7675,0.1647,0.4209,0.5471,0.2285,0.7822,0.2725,0.7286,0.2184,0.1743,1.5262,0.0928,3.0927,0.4311,1.5102,0.3037,0.123,0.9835,0.2387,2.5276,0.5199,0.6898,0.1944,2.5597,0.6394,5.943,0.1731,0.3299,0.8961,0.2239,0.878,0.0768,1.6544,0.2992,0.1583,0.7361,5.1935,1.0405,0.2791,0.3817,2.676,0.232,0.0927,0.5415,4.8069,0.8412,0.3602,0.2156,0.3517,0.197,3.9273,1.9624,0.1989,0.8705,0.68,0.707,0.5688,1.8016,2.9429,0.2033,0.445,0.1875,0.6444,0.457,0.4163,1.831,0.1586,0.0868,0.4035,0.0871,0.2675,0.4116,0.6884,4.2025,1.0982,0.0975,0.0847,0.3289,1.1285,0.284,1.8201,0.1792,0.1865,0.3224,0.6899,0.7933,0.3083,2.8726,0.9693,0.564,0.8533,1.7566,0.1307,0.2219,0.1602,0.3892,0.5589,0.8463,0.5757,0.1089,0.0957,0.5695,0.3539,1.5622,0.044,0.5403,0.7931,0.1033,0.1043,2.7242,0.7931,3.1082,0.2499,0.3395,1.5688,0.3025,0.9227,0.189,3.3071
"BL.C5",0.4234,0.4569,0.1913,0.5103,0.3156,2.729,1.5774,0.9585,0.2579,3.2766,2.4471,1.0313,0.4929,0.3282,0.1137,0.7739,0.8295,0.2407,0.5254,0.4521,0.0979,0.5003,0.8597,4.1207,0.9592,1.0991,0.9802,0.7832,0.3672,0.2033,2.9146,1.9049,0.8133,0.7229,1.5159,0.5359,1.9013,0.7392,0.589,0.5496,0.3575,2.7841,0.1909,1.4667,1.902,0.9284,1.5797,2.2407,0.481,0.5444,0.388,0.3632,0.7187,0.3523,0.8024,3.6272,1.1638,0.3921,0.2705,0.4018,0.2079,3.9474,1.187,0.2404,2.324,0.2507,3.0892,0.9593,1.2772,1.0975,0.2993,0.6142,0.3814,1.5292,1.7763,0.6424,0.6022,0.8511,0.4109,0.7578,0.3054,0.3878,0.4913,1.8473,3.6419,1.9472,0.3218,0.3385,0.6089,0.6429,1.124,0.3672,0.7986,1.2728,0.2547,0.3659,1.0726,0.1565,1.5499,0.8124,0.8792,0.1915,0.368,0.2945,3.3559,2.0555,0.7768,2.569,2.625,0.7253,1.5769,0.1085,1.1521,0.2861,1.1441,0.1135,0.145,0.5713,1.1608,1.1211,0.5295,1.4794,0.3863,3.3775,1.0651,2.3992,3.7478,0.1458,0.7904,0.1647
"BL.C6",0.4729,0.6914,0.2506,0.5411,0.74,2.9102,2.2558,0.6776,0.7249,4.5056,1.8417,0.6513,0.3732,0.2919,0.3283,0.8261,1.0458,0.7336,0.3273,0.5343,0.2013,1.0968,0.4651,5.1979,0.3952,1.1125,0.7739,0.4539,0.3762,0.483,2.5083,2.2418,0.7565,0.5027,2.6799,1.1634,2.2774,0.5531,0.9122,0.5588,0.4048,1.4139,0.2847,1.3748,1.1616,0.7663,2.1934,4.3723,0.5275,0.4855,0.3238,1.271,0.5031,0.2002,0.6427,3.64,0.6193,0.4305,0.4155,0.8383,0.1748,4.5756,1.1893,0.2897,0.7693,0.5507,1.6715,0.7904,2.1278,1.7606,0.2038,0.7846,2.6091,0.7574,1.2776,0.302,1.0308,1.1715,0.5121,0.6196,0.2608,0.3859,0.6581,1.0604,3.2467,1.7926,0.2923,0.2886,0.5861,0.9285,0.6111,0.3965,0.4943,0.4638,0.2622,0.3233,1.3672,0.1427,2.469,0.8452,0.9426,0.1906,0.2736,0.4377,1.9653,1.5561,0.4494,1.1843,3.2456,0.5867,1.2605,0.4465,1.4527,0.1628,0.7807,0.1616,0.1636,0.4952,1.6185,1.0641,0.3313,2.1233,1.0908,0.628,1.1727,1.4718,2.2453,0.7374,0.9508,0.338
"BL.C7",0.4489,0.579,0.4515,0.3667,0.6239,2.643,2.7182,0.3082,0.5089,4.6912,2.2687,0.915,0.3351,0.5056,0.5011,0.5737,0.6882,1.1079,0.4887,0.533,0.3041,0.39,0.3154,4.6583,0.6662,0.9805,0.5408,0.1983,0.5459,0.4409,2.597,1.0539,0.8453,0.5224,1.6621,0.789,3.3137,0.7231,0.6213,0.5919,0.7297,1.0146,0.0976,1.403,1.3439,0.7316,0.9158,5.4326,0.4334,0.5444,0.4977,1.5024,0.6461,0.3531,0.6079,4.8066,1.4997,0.6267,0.468,0.4475,0.2313,5.619,1.2396,0.2598,0.7418,0.3239,2.1815,0.6051,2.0968,1.8273,0.3774,0.4045,0.4639,1.4191,0.4246,0.438,1.0906,0.3903,0.6084,0.4756,0.1726,0.4409,0.276,1.1274,4.2561,1.9377,0.1513,0.3999,0.5525,0.5042,1.1483,1.1221,0.6213,0.5095,0.4806,0.6165,1.3654,0.6609,2.7562,0.4996,1.4504,0.1715,0.1234,0.4214,0.737,3.1465,0.7267,1.0506,4.0725,0.455,2.0804,0.0532,1.4889,0.2586,0.4944,0.09,0.0754,0.8835,3.7828,1.4479,0.2691,2.7471,0.4791,2.005,2.3789,2.3041,1.845,0.2586,1.3086,0.0669
"BL.C8",0.4634,0.6334,0.1241,0.6447,0.4841,2.2398,3.0067,0.3701,0.4598,5.9708,1.6513,0.4618,0.1546,0.613,0.3976,0.8919,0.4272,0.6061,0.8014,0.3991,0.2767,0.3126,0.214,6.1956,0.3703,0.7246,0.2356,0.2602,0.3263,0.3484,3.2975,1.35,0.9689,0.286,1.2538,0.2749,3.0135,0.5362,0.2102,0.4697,0.368,0.4854,0.1622,1.2642,1.1849,0.7256,0.5126,4.7851,0.3264,0.3494,0.4667,1.0891,0.8008,0.8418,0.6649,2.6118,1.6769,1.0403,0.5564,0.3706,0.1518,3.7458,1.1977,0.2269,0.7667,0.4871,0.9134,0.6438,0.8463,2.5007,0.265,0.1622,0.6809,1.7454,0.2259,0.3048,1.1346,0.3275,0.5726,0.2976,0.1888,0.4259,0.2837,1.3137,5.2563,2.3355,0.2423,0.3871,0.4694,1.4996,1.0067,0.2867,0.4631,0.3579,0.5878,0.5844,1.9607,0.8251,1.7013,0.7045,2.2569,0.3138,0.1254,0.2245,0.769,1.3678,0.8581,0.9469,2.5397,0.7715,1.9797,0.0643,1.6262,0.198,0.5091,0.0439,0.5204,0.3409,2.5348,1.9277,0.1283,2.3897,0.4366,2.1483,1.7087,2.2237,1.3306,0.1561,1.3896,0.1433
"BL.C1",0.3332,0.4263,0.3215,0.1118,0.3553,0.1314,2.1978,0.5566,0.3137,1.5537,2.9466,0.2641,0.1944,0.1497,0.0701,0.7512,0.9317,0.2267,1.0671,0.2273,0.1537,1.9382,0.475,4.8565,0.0937,1.4842,0.2836,0.3,0.9188,0.2705,0.456,0.1612,0.1189,0.3794,3.3113,0.3132,3.7531,1.1851,1.5308,0.6198,0.0936,1.2227,0.1085,0.6064,0.4641,0.4409,0.9828,2.0031,0.652,0.1049,0.1321,1.7038,0.4448,0.3352,0.9004,0.4204,0.4976,0.9188,0.2576,0.1864,0.2475,3.2043,0.2424,0.5147,1.2683,0.1055,2.6026,0.0838,1.5367,3.2029,0.7133,1.0854,0.3973,0.0865,0.5851,0.3203,1.3436,0.4956,0.3101,0.4183,0.2153,0.5095,0.4398,0.6087,3.2061,2.4199,0.6688,0.3472,0.1064,0.8378,0.3769,0.1198,0.1025,0.3696,0.339,0.695,0.1007,0.1051,1.6112,0.4824,3.2467,0.0671,0.2983,0.0801,2.3669,0.8978,1.1068,0.4688,3.2127,0.5103,0.2545,0.1458,0.8665,0.0811,0.327,0.1997,0.1626,0.5765,3.2213,4.4673,0.334,3.2741,0.4414,1.5248,2.0027,2.8337,1.4104,0.1011,0.7992,0.0967
"BL.C2",0.2631,0.2697,0.6211,0.1278,0.5358,0.1566,3.1644,0.6647,0.8179,0.5221,2.6651,0.4704,0.2224,0.1477,0.1453,0.7697,0.6281,0.5468,1.0888,0.3402,0.1124,0.7394,0.323,5.3438,0.3218,1.7475,0.5027,0.1797,1.7424,0.3418,0.245,0.1186,0.1787,0.2422,3.655,0.7411,2.9869,1.2443,1.4436,0.3598,0.1199,2.1704,0.2875,1.1514,0.752,0.8801,0.7206,2.5325,0.5363,0.1461,0.1576,3.0919,0.5236,0.4852,0.5876,3.5918,0.7024,0.3883,0.1483,0.193,0.1753,5.2648,0.1748,0.6074,2.483,0.1445,3.5359,0.1015,2.6758,1.1501,0.3638,1.4723,0.8003,0.1352,0.5988,0.5081,0.5704,0.2207,0.1769,0.6308,0.0872,0.5996,0.6365,1.0385,3.3458,2.8904,0.2714,0.2095,0.1393,0.9761,0.1899,0.1706,0.1269,0.6798,0.2131,0.745,0.1075,0.1296,3.0305,0.5983,1.4255,0.1576,0.1501,0.1186,2.0486,0.2061,1.2527,0.6226,5.6888,0.5231,0.4569,0.1121,1.2949,0.0703,0.4584,0.1893,0.2994,0.3838,0.7423,1.3899,0.3379,3.5815,0.37,0.9343,2.3671,3.5809,2.2813,0.2187,0.8609,0.3616
"BL.C3",0.3446,0.302,0.6472,0.1291,0.6876,0.1291,1.8859,0.5009,0.3781,1.4827,3.0321,0.226,0.2854,0.138,0.1277,0.8759,0.5803,0.6539,1.2452,0.1918,0.1319,1.3289,0.4734,4.2831,0.1719,1.8583,0.3873,0.1926,1.3392,0.3609,0.6975,0.2383,0.257,0.3115,3.2194,1.0848,3.2689,1.6041,0.922,0.6939,0.1079,1.9668,0.1293,0.8489,0.7051,0.8672,0.8555,2.9421,0.7785,0.1214,0.1683,2.0979,0.5467,0.7813,1.1459,3.8321,0.9234,0.8069,0.2687,0.136,0.2452,3.1293,0.2542,0.6426,2.4291,0.271,2.5082,0.1042,2.0476,2.975,0.4381,0.9562,0.4223,0.1032,0.2016,0.8478,0.7573,0.2831,0.1961,0.3682,0.2209,1.0163,0.3987,0.8002,3.7681,3.5556,0.4806,0.3855,0.1362,1.2539,0.3556,0.1639,0.0967,0.7279,0.2765,0.9319,0.1285,0.1152,2.4085,0.8604,2.4942,0.087,0.1064,0.1875,2.0914,0.9554,1.3662,0.5156,3.329,0.6695,0.9805,0.0895,1.7672,0.1288,1.0297,0.1263,0.0973,0.771,2.701,3.2254,0.2476,3.7493,0.6796,2.2477,1.8026,3.1679,2.327,0.2607,0.9478,0.4264
"BL.C4",0.1907,1.0151,0.5788,0.0938,0.6194,0.1767,2.0967,0.4533,0.8342,2.99,2.5451,0.1281,0.2556,0.2327,0.1544,1.0459,0.6952,0.597,0.6907,0.4266,0.1415,1.0544,0.4351,5.267,0.426,1.2044,0.3047,0.4146,0.6604,0.5508,0.9725,0.7525,0.3171,0.3563,3.0534,0.446,4.0529,0.9706,0.7361,0.4295,0.3748,1.1304,0.2267,0.753,0.8529,1.0185,0.665,2.0568,0.6117,0.0901,0.3179,1.0335,0.2904,0.9222,0.5548,4.3863,0.6304,0.5762,0.4551,0.1824,0.2834,2.0865,0.2224,0.5003,1.4459,0.4048,2.952,0.4838,1.676,2.4973,0.8741,0.815,0.7435,0.1755,1.8671,0.8926,0.9278,0.6368,0.5031,0.6862,0.2487,0.582,0.4607,0.8375,3.9814,2.076,0.2494,0.603,0.1235,1.317,0.5715,0.128,0.0887,0.5411,0.2378,0.7842,0.1933,0.1667,2.1738,1.0449,1.8408,0.1127,0.6881,0.1594,0.6821,0.8831,1.1478,0.9213,2.065,0.8596,2.1002,0.1486,1.6346,0.2338,0.3604,0.647,0.314,0.45,1.9968,3.3181,0.4284,4.8003,0.8575,1.83,3.0425,2.2574,1.2046,0.196,1.2604,0.1738
"NB.C1",0.2204,0.7144,0.5317,0.076,1.0406,0.1274,2.532,0.5224,0.81,1.1639,2.67,0.2079,0.173,0.1617,0.1058,0.7012,0.4131,0.5623,1.4148,0.2714,0.082,0.4772,0.5753,4.1241,0.2432,1.7736,0.2082,0.4141,1.252,0.7372,0.6246,0.2378,0.2209,0.1707,2.1705,0.8669,4.4942,1.2865,1.1313,0.4316,0.094,3.282,0.348,0.7303,1.8123,0.7975,0.9866,2.2964,0.4482,0.0791,0.3772,1.012,0.4302,1.3179,0.5608,3.6285,0.4141,0.4289,0.4557,0.2833,0.1913,3.7024,0.1808,0.2982,2.746,0.4288,3.3554,0.3289,2.2009,2.4767,0.6209,1.4351,2.0749,0.1072,2.6923,0.9666,1.4565,0.3069,0.2422,0.6553,0.2532,0.3558,0.734,1.4242,3.0045,2.5757,0.1162,0.3533,0.0989,0.9445,0.6204,0.0753,1.9415,0.8418,0.272,0.9702,0.1563,0.1029,3.9245,0.8498,0.928,2.1897,2.1092,0.1387,0.6598,0.1003,0.2137,2.6908,0.2348,0.8,0.1817,3.6807,0.4763,0.4854,0.9046,2.7239,0.687,0.3583,0.5856,0.3103,0.237,1.5764,0.923,0.6026,0.3622,0.5063,0.0694,4.0021,0.1603,0.308
"NB.C2",0.2855,0.6397,0.2098,0.1915,0.4313,0.2435,2.2716,0.5765,0.541,2.3426,1.3565,0.389,0.2349,0.2526,0.2238,0.628,0.4259,0.5124,0.7951,0.4013,0.1679,0.8776,0.4125,4.3347,0.1597,0.9671,0.4066,0.2408,1.5678,0.4197,0.8259,0.4833,0.2281,0.3389,1.6891,0.5575,2.5663,0.9814,0.3598,0.1971,0.3357,0.7691,0.1727,0.7904,0.3817,0.6984,0.5542,1.1131,0.8364,0.1451,0.3771,1.6659,0.5353,0.4953,1.0054,3.4679,0.7136,0.5235,0.4546,0.2237,0.3003,2.2534,0.2307,0.8728,1.8055,0.5691,0.6348,0.2487,1.5749,1.7693,1.0633,0.6255,0.8606,0.4671,0.767,0.3454,1.3236,0.4321,0.3847,1.4525,0.1964,0.2929,0.4415,0.6977,2.2102,2.5311,0.6504,0.4631,0.1788,2.0758,0.3221,0.1467,0.1391,1.2146,0.2102,1.0122,0.2331,0.1895,1.7947,0.7289,1.6278,1.9936,3.6072,0.1865,0.4581,0.2671,0.3411,1.9619,0.4507,1.5722,0.1633,4.0427,0.7882,0.4425,1.1562,1.4694,3.5148,0.5922,0.3016,0.3646,0.3676,0.5961,1.2198,0.6479,0.8984,0.293,0.1358,3.0807,0.2011,0.3533
"NB.C3",0.2856,0.5728,0.3818,0.2147,0.2601,0.223,2.2314,0.5871,0.5432,1.9347,1.6326,0.3385,0.3782,0.3193,0.2466,0.4595,0.5406,0.4327,0.6837,0.376,0.1996,1.8943,0.3462,8.1078,0.1997,1.1464,0.3892,0.1982,1.1568,0.3916,0.9164,0.36,0.2186,0.4878,1.7837,0.7046,2.0821,0.792,0.2662,0.2289,0.2401,0.6431,0.2028,1.0937,0.4465,0.7199,0.6238,0.7467,0.5148,0.2206,0.3604,1.1544,0.62,0.673,0.5652,5.4844,0.7448,0.6763,0.3593,0.3062,0.3223,3.5577,0.2824,0.4518,1.8244,0.5008,0.454,0.3471,2.0466,1.8551,0.8061,0.571,0.6602,0.311,0.5911,0.3492,1.0005,0.2154,0.4607,0.6633,0.2538,0.4249,0.5106,0.4583,4.5542,1.5909,0.2164,0.3265,0.1975,1.8178,0.3971,0.1788,0.1922,0.2818,0.3397,0.6627,0.303,0.24,1.658,0.9772,1.1939,1.4275,3.3323,0.2337,0.3253,0.247,0.3995,2.4035,0.2947,1.6455,0.1776,3.8052,0.3658,0.4928,0.5888,3.0805,1.1285,0.4015,0.3964,0.4195,0.2025,0.2425,1.6221,0.691,0.7397,0.3882,0.145,3.806,0.2589,0.4402
"NB.C6",0.2651,0.2553,0.6165,0.756,0.5363,2.1813,1.2124,0.7539,0.2794,3.6571,3.3707,0.9312,0.1347,0.2979,0.2703,0.6873,1.0245,0.7698,0.6354,0.5038,0.2039,1.0409,0.3953,5.307,0.6715,0.9989,0.4888,0.3184,0.6347,0.1916,1.4367,1.525,0.6979,0.5472,3.9047,0.5461,3.3881,1.1833,0.9095,0.5772,0.1734,1.1014,0.1504,0.5532,1.0138,0.4524,0.9167,3.5976,0.3344,0.3511,0.2687,1.0977,0.4102,0.3269,0.7697,1.8221,0.9828,1.3167,0.1764,0.2367,0.1821,3.969,0.4969,0.2183,1.0691,0.2152,1.8302,0.2882,1.4974,1.9021,0.2711,0.4621,1.3452,0.7423,0.2329,0.3995,0.4255,0.5444,0.655,0.3127,0.2173,0.7525,0.2884,0.8496,3.9286,2.2881,0.2123,0.3234,0.6037,0.8754,1.1555,1.2479,0.3221,0.5668,0.231,0.4649,0.565,0.2915,1.293,0.7615,0.5372,0.5825,2.7972,0.1602,0.37,0.2252,0.2122,2.1932,2.1015,1.2146,0.094,3.0251,0.2073,0.5287,0.6343,1.2749,2.0273,0.3441,0.961,0.131,1.1463,1.0436,0.6292,0.0994,0.2091,0.7112,0.0726,2.2816,0.0713,0.3059
"NB.C12",0.417,0.2832,0.166,0.4233,0.4522,1.4392,2.9783,0.4074,0.5382,4.2928,2.0056,0.7022,0.171,0.3817,0.2243,1.1283,0.4322,0.5351,0.6731,0.2433,0.1204,0.4784,0.307,4.6663,0.3597,1.4318,0.3463,0.3577,0.7138,0.223,1.9063,0.8774,0.6735,0.6414,1.763,0.7491,3.2376,1.0586,0.7286,0.9712,0.3332,1.6949,0.1123,1.3319,1.4692,0.6432,0.5156,4.244,0.842,0.4944,0.3827,1.7959,0.8113,0.277,0.8605,2.2267,1.0273,0.4996,0.2079,0.3367,0.0737,3.5294,0.7779,0.3337,1.0436,0.2388,3.7728,0.2736,1.4791,2.0062,0.2535,0.1121,1.0327,1.3416,0.4102,0.6513,0.8602,0.5014,0.3708,0.4134,0.3591,0.3447,0.1748,1.4416,3.4452,2.2325,0.3854,0.3343,0.4802,0.4475,0.8702,0.5096,0.3537,0.7668,0.1487,0.5269,0.8641,0.3022,1.523,0.9607,0.2791,0.8972,2.796,0.3207,0.4088,0.148,0.3713,2.7601,0.3278,0.8785,0.0533,1.804,0.2821,0.6199,0.3233,1.3409,2.8448,0.471,0.5915,0.0967,0.3496,0.4928,1.0418,0.0597,0.2742,0.6479,0.1076,5.9451,0.0974,0.2557
"NB.C7",0.5879,0.252,0.0771,0.3333,0.5737,1.6175,0.999,0.5655,0.3485,2.7709,2.2967,0.4894,0.2758,0.3291,0.2523,0.7697,0.8095,0.528,0.6545,0.236,0.1459,1.0969,0.5855,4.4612,0.1805,0.7939,0.8534,0.2228,0.5642,0.2565,2.142,1.0962,0.4253,0.4309,3.8294,0.6286,1.9089,1.139,1.4396,0.405,0.2188,0.955,0.2705,0.7932,0.7318,0.5758,0.8076,2.863,0.5884,0.2841,0.3399,1.2085,0.5167,0.2059,0.6863,1.8485,0.4269,0.6242,0.1715,0.2451,0.1548,1.8756,0.6018,0.4631,1.0085,0.2701,2.7848,0.3558,1.3702,1.15,0.1549,1.0287,0.683,1.0063,0.2159,0.3179,0.6848,0.3438,0.2385,0.4214,0.1702,0.2947,0.2716,0.8637,4.0213,2.9614,0.4017,0.4216,0.3218,0.9085,0.6978,0.6538,0.2911,1.4772,0.2745,0.5696,0.7333,0.3589,1.1106,0.8828,0.6847,1.2843,3.4512,0.1644,0.492,0.1926,0.3805,2.4225,0.7945,1.687,0.0653,2.2156,0.3223,0.4401,0.8736,1.4177,2.3774,0.599,0.3052,0.1702,1.2103,0.7406,1.782,0.1401,0.5188,0.2296,0.2094,1.8712,0.1823,0.4325
"NB.C4",0.3651,0.5452,0.8555,0.1384,0.6063,2.0982,1.8248,0.615,0.4374,2.6033,3.5834,0.6641,0.3613,0.1452,0.212,0.9437,0.8439,0.4634,0.5721,0.3507,0.2156,0.8211,0.6322,4.018,0.4649,2.1079,0.492,0.3882,0.9423,0.2924,1.0033,1.7994,0.7342,0.9148,3.1034,0.7415,3.3047,0.7094,1.3023,0.4086,0.217,2.4839,0.2147,0.876,1.2567,1.0186,1.9528,4.2074,0.6295,0.5364,0.446,1.0929,0.3012,0.6428,0.3755,3.5989,0.3578,0.7448,0.4138,0.3195,0.3126,4.5235,0.6987,0.3148,0.8119,0.5985,4.0548,0.3395,2.1505,2.5027,0.4295,1.0916,2.3582,1.0147,0.8534,0.6352,0.6965,0.6957,0.3766,0.3576,0.2943,0.5419,0.3396,0.9644,1.7193,1.2643,0.1053,0.4939,0.4322,1.1814,0.734,0.3047,0.307,0.8017,0.4401,1.0386,1.3007,0.2416,1.8968,0.6257,0.5596,1.8081,3.4915,0.2028,0.2743,0.1166,0.1328,3.2052,0.606,1.1722,0.1311,3.3811,0.3017,0.7286,0.5759,1.1996,2.2254,0.307,0.8268,0.2355,0.4841,2.3049,0.9902,0.2319,0.3502,0.4365,0.1029,3.4142,0.3159,0.318
"NB.C5",0.3047,1.3655,0.4495,0.497,0.5034,1.8969,4.2162,0.882,0.319,4.2847,1.4818,0.5657,0.327,0.3944,0.2989,0.7411,1.051,1.1734,0.5055,0.5761,0.2381,0.4707,0.3119,4.355,0.8255,1.2913,0.2852,0.5,0.7756,0.2441,2.5884,2.4711,0.9039,0.3819,2.5488,0.7952,3.1113,0.1787,0.7872,0.6177,0.6368,1.4659,0.1441,2.2961,1.9259,1.0599,0.9208,4.0823,1.0812,0.6056,0.7547,1.0114,0.4712,0.4401,0.219,4.0663,1.0514,0.4749,0.5642,0.5771,0.1166,5.3549,0.6737,0.1279,1.0386,0.6979,1.6951,0.4436,3.1214,3.0145,0.4401,0.2631,0.8619,1.6618,1.1098,0.639,1.6932,0.5516,0.4633,0.6367,0.3048,0.4686,0.4225,1.6775,3.6766,2.1554,0.0804,0.1946,1.3393,0.4799,0.7094,1.1423,0.2884,0.2587,0.4428,0.3676,1.5402,0.263,2.8639,0.7519,0.8636,2.1259,3.5795,0.4008,0.6544,0.2539,0.3723,2.8858,0.4703,1.2784,0.153,2.482,0.55,0.7545,0.3089,0.8995,2.4531,0.3662,0.8433,0.1161,0.2455,0.5427,0.5771,0.2026,0.5389,0.2847,0.1089,3.507,0.1511,0.3297
"NB.C10",0.6228,0.4689,0.4159,0.2422,0.5682,1.4839,2.5656,0.5387,2.1795,3.3513,2.3627,0.6681,0.3944,0.3059,0.2516,1.5503,0.4241,0.4153,0.9284,0.3843,0.1884,0.3604,1.2695,4.3171,0.4046,2.2268,0.7006,0.3747,0.7942,0.5231,1.5274,0.5765,0.888,0.5951,1.4048,1.1312,1.3918,0.4434,0.4934,0.5316,0.2307,2.7959,0.0541,1.8937,0.8062,0.5425,0.9374,3.3086,0.4921,0.3454,0.3311,2.8892,0.8472,0.5776,0.8677,1.532,0.962,1.3366,0.2596,0.3641,0.2115,2.9437,0.8486,0.4466,0.8526,0.2386,2.8397,0.3333,1.2513,1.9239,0.3351,0.2049,0.9079,1.2929,0.2742,0.9826,2.0843,0.4931,1.1499,0.377,0.1908,0.4585,0.7982,0.7166,1.186,1.7293,0.1884,0.3425,0.3239,0.8847,0.6664,0.189,0.4424,0.5743,0.5353,0.9301,1.0146,0.1143,1.9394,1.24,0.3104,1.0409,2.1826,0.333,0.497,0.2993,0.3636,1.7515,0.2437,1.0406,0.0776,2.628,0.4724,0.8194,0.4775,1.2546,1.4275,0.4388,1.3025,0.2577,0.3529,0.5725,0.3556,0.0789,0.3796,0.6077,0.0899,3.0138,0.2412,0.4416
"NB.C11",0.4953,0.5031,0.6043,0.4387,0.2647,1.9813,3.1917,0.452,0.3829,3.5425,2.8578,0.4723,0.1791,0.379,0.2093,0.6053,1.0172,0.5212,0.535,0.4539,0.094,1.1953,0.3823,6.2662,0.2853,1.1862,0.3498,0.273,0.4333,0.3916,1.2863,0.8927,1.1084,0.2805,3.1409,0.639,2.9584,0.9849,0.9461,0.5349,0.0269,1.6009,0.012,1.2583,1.0376,0.6387,1.3841,3.6912,0.212,0.3529,0.1691,0.8662,0.5149,0.6898,0.4975,3.1067,1.044,0.4763,0.1426,0.2078,0.2477,4.6723,0.7929,0.1136,1.0954,0.1862,2.7915,0.2771,0.7936,2.2157,0.1592,0.2218,0.7245,1.3305,0.2313,0.4738,1.0957,0.2159,0.4807,0.1878,0.1143,0.6038,0.1692,1.1071,3.3112,1.1715,0.0878,0.3977,0.3107,1.0714,0.7777,0.3332,0.3594,0.5766,0.3491,0.5228,1.0632,0.3444,1.5659,0.6331,0.4338,0.5544,2.737,0.1103,0.361,0.1328,0.3631,3.4362,0.3847,0.9779,0.0369,1.5448,0.3148,0.4523,0.5062,1.2589,2.9356,0.2471,1.2242,0.18,0.9878,0.9882,0.9176,0.1286,0.2357,0.2255,0.0333,2.3583,0.0364,0.4786
"NB.C9",0.4666,0.5921,0.3662,0.3406,0.3328,1.5493,1.8398,0.3361,0.6458,2.9562,2.0263,0.6669,0.2104,0.4824,0.2714,0.7082,0.8244,0.6164,0.9357,0.3342,0.1436,1.2922,0.2013,5.8861,0.4638,1.1853,0.2576,0.4442,0.4461,0.4963,2.3253,1.2077,0.7797,0.5858,1.3786,0.5547,3.545,1.7221,0.3214,0.1634,0.2002,0.7457,0.1218,0.7949,1.4046,0.6623,0.6262,1.9918,0.4597,0.2972,0.1954,0.9184,0.5465,0.8483,0.6076,1.0176,1.699,0.3727,0.1935,0.4202,0.1555,2.4891,0.7714,0.3978,0.7837,0.2539,0.3553,0.4163,0.9329,2.2363,0.152,0.3341,1.2016,1.0823,0.2844,0.2172,1.1248,0.303,0.5325,0.3222,0.2602,0.5543,0.171,1.066,3.5115,1.6661,0.2381,0.5339,0.3258,1.043,1.2471,0.1925,0.3853,0.5341,0.2995,0.4562,1.2017,0.515,1.5343,0.667,0.5742,0.7769,2.5461,0.1884,0.485,0.2367,0.3486,2.9929,0.2273,1.2068,0.1167,0.9285,0.4272,0.8023,0.6315,0.5521,2.9998,0.3559,1.6183,0.1446,0.7519,1.012,1.3207,0.1407,0.2475,0.3426,0.1032,3.9043,0.1992,0.4782
"NB.C8",0.2153,0.2265,0.2317,0.4107,0.3692,2.1391,2.7871,0.35,0.1385,5.1345,1.2516,0.4053,0.3361,0.545,0.242,0.343,0.7386,0.6321,0.8031,0.2751,0.1814,0.6829,0.4699,5.7972,0.3787,0.9153,0.3331,0.363,0.3312,0.2547,2.7073,1.3287,0.51,0.4669,2.3531,0.5433,3.2886,0.7846,0.9281,0.4877,0.3908,1.1522,0.2242,0.856,0.8692,0.2379,0.4234,4.1725,0.6176,0.2903,0.5273,1.0946,0.4628,0.5406,1.3143,3.8385,0.9394,0.5822,1.615,0.463,0.1966,2.3448,0.6879,0.0934,0.8094,0.3682,1.9228,0.5122,1.4641,2.0667,0.2362,0.2091,0.7384,1.1061,0.428,0.5522,1.438,0.3473,0.4617,0.6109,0.1889,0.6339,0.2334,1.2955,4.9749,3.3087,0.1089,0.4485,0.3918,0.7499,1.0045,0.2832,0.2518,0.255,0.3222,0.4042,1.1518,0.3691,1.3114,0.6221,0.5928,1.2053,2.9859,0.2679,0.3701,0.349,0.247,2.2666,0.308,1.3836,0.0946,2.3948,0.2026,0.5977,0.516,1.0959,1.4809,0.5064,0.8701,0.1497,0.3478,0.6481,0.3191,0.1408,0.4963,0.2834,0.0953,2.8745,0.0756,0.1814
"RMS.C4",0.2668,0.0263,0.4552,0.4548,0.4743,2.4341,1.1365,0.7761,0.0965,1.0887,3.3342,0.5238,0.4008,0.0743,0.2941,0.2803,0.5126,0.8407,0.2972,0.2869,0.0729,0.5094,0.5004,7.9532,0.62,0.5124,0.2688,0.4985,0.2448,0.1164,1.6555,1.4639,0.4532,0.4141,2.5516,0.7242,2.9003,2.5764,0.8119,0.6692,0.2158,1.5949,0.0736,1.5405,1.7278,1.078,1.2425,3.7537,0.3771,0.5613,0.3081,0.6466,0.6254,0.2092,0.3587,1.7654,0.7295,1.1155,0.1297,0.2321,0.4562,7.5371,0.2156,0.1815,0.9959,0.1259,5.3138,0.1642,2.4282,0.9943,0.0992,0.5672,0.4767,0.573,0.6104,0.35,0.1058,0.1796,0.1064,0.0725,0.4503,0.3997,0.4095,0.9813,2.9336,2.6828,0.2746,0.228,0.4341,1.4809,0.9702,0.2946,0.672,1.1964,0.3542,0.9893,1.0116,0.4858,1.7635,0.4983,0.1308,0.0745,2.036,0.937,0.506,0.146,0.3232,2.0979,0.4976,0.6332,0.1577,1.7316,0.1095,0.1711,0.3805,0.0567,0.5927,6.0234,0.4976,0.3942,0.4894,0.4316,2.1013,0.2068,0.0257,0.7806,0.2891,0.8622,0.5158,0.3391
"RMS.C3",0.4234,1.1608,1.0004,0.3795,0.3539,2.2585,4.756,0.5533,0.2913,3.533,3.7375,0.8498,0.2666,0.3164,0.2026,0.7663,0.7715,0.5962,0.4263,0.2755,0.2437,1.0732,0.4286,3.401,0.7651,1.2104,0.2734,0.3674,0.4924,0.3182,1.9196,1.2259,0.9571,0.6663,3.9416,0.8161,3.6563,0.63,1.5909,0.9452,0.3421,1.8685,0.4967,0.9773,1.2243,0.2466,1.6072,3.6361,0.5911,0.4947,1.172,1.06,0.6268,0.7454,0.3925,1.6364,0.9711,0.7681,0.362,0.412,0.2589,2.5559,0.6462,0.2868,1.0461,0.3007,2.0079,0.3426,2.041,1.434,0.4609,0.3717,0.31,1.3682,0.384,1.1701,1.1094,0.483,0.3982,0.5777,0.2709,0.8188,0.4019,1.5183,3.8851,1.9726,0.2202,0.4499,0.5384,1.1226,0.8308,0.4028,0.8958,0.5984,0.5061,0.8807,2.2938,0.2819,0.9198,0.6532,0.4269,0.6028,1.3656,0.7634,0.6414,0.3458,0.5084,0.9987,1.2988,0.4709,0.3218,0.7123,0.7101,0.282,0.803,0.2467,1.3002,4.6947,0.337,0.2579,0.5749,0.2873,0.5175,0.2877,0.2126,1.36,0.2758,0.5306,0.2974,0.5027
"RMS.C9",0.2419,0.7696,0.4512,0.3407,0.2281,3.3982,8.3918,0.7895,0.3121,4.0224,2.9329,0.8817,0.1446,0.8593,0.393,0.2284,1.0813,0.3659,0.2226,0.8728,0.2669,1.0213,0.1376,2.1182,0.3727,1.5389,0.1986,0.0846,0.9531,0.1544,2.1262,1.8894,0.7651,0.2939,4.0948,0.7553,2.4866,0.2035,0.8794,0.9717,0.6796,0.5173,0.2591,2.7847,0.4435,0.0591,1.0252,7.4247,1.1867,0.4153,0.882,1.1707,0.4454,0.235,0.1792,6.2915,1.4891,0.813,0.293,0.49,0.19,6.2479,0.6687,0.1648,0.5457,0.406,0.4684,0.2022,1.7302,3.8567,0.406,0.1134,0.1863,0.8216,0.1976,0.5823,2.1345,0.2178,0.1493,0.6808,0.2285,0.2439,0.1774,0.5429,5.8391,0.6524,0.0595,0.0675,0.4795,0.9993,0.2284,0.4896,0.1998,0.2846,0.383,0.5183,0.7396,0.4529,1.5002,1.3756,0.2917,0.4359,2.3762,1.0208,0.2172,0.2536,0.3979,0.6721,1.2969,0.3625,0.1568,0.2318,0.7566,0.2633,0.1876,0.1619,0.6747,4.9147,0.0483,0.2471,0.5452,0.1237,0.5219,0.1623,0.4031,1.4717,0.284,0.4153,0.2744,1.4465
"RMS.C2",0.4505,0.309,0.2045,0.3995,0.2513,2.4114,1.9914,0.6716,0.2547,1.6397,2.704,0.6579,0.2341,0.4398,0.3293,0.3386,0.5827,0.4296,0.4246,0.4291,0.1562,1.4622,0.3251,2.8153,0.591,0.8238,1.7565,0.1935,0.5439,0.1204,1.922,1.3113,0.8589,0.1745,4.4712,0.3763,2.8354,0.6569,0.9293,0.7005,0.1938,0.9379,0.1573,1.7818,0.6026,0.1867,1.1286,4.2445,0.5638,0.3256,0.1596,0.9121,0.5015,0.2235,0.1605,1.9033,0.5956,0.6325,0.1184,0.2561,0.1391,3.3161,0.6979,0.248,0.6461,0.4597,1.7285,0.2406,0.9693,1.5072,0.1912,0.3893,0.3437,0.8772,0.1533,0.3249,0.6055,0.249,0.174,0.3836,0.0952,0.2816,0.3915,0.6894,5.3969,1.3448,0.1881,0.3166,0.2366,1.4474,0.5749,3.892,0.2743,0.2005,0.3242,0.6879,0.5685,0.3761,1.3153,1.1685,0.2974,0.4408,2.7142,1.6402,0.2569,0.1854,0.3275,1.1646,1.1924,0.509,0.0867,0.3894,0.3585,0.3369,0.2116,0.535,0.825,1.2661,0.0624,0.1216,2.5257,0.2109,0.9365,0.1213,0.5448,0.4217,0.1848,2.0277,0.1735,0.7983
"RMS.C5",0.5086,0.9549,0.4064,0.8368,0.2973,2.6037,2.6775,1.0283,0.3701,4.8586,3.6076,0.3867,0.3543,0.3388,0.0894,1.5685,1.2883,0.5117,0.5723,0.5824,0.1312,0.8363,0.2224,4.9389,0.1851,1.3397,0.188,0.3273,0.8413,0.1604,2.6866,1.466,1.6143,0.7782,4.0404,0.4181,0.7532,0.5834,0.7706,1.1417,0.5037,1.2205,0.1719,0.7431,0.8431,0.2698,1.0532,3.6196,0.9893,0.2787,0.8019,2.0521,0.634,0.4266,1.0062,2.9063,1.5314,0.8362,0.2985,0.4066,0.1524,5.0013,1.0771,0.3534,1.6914,0.316,1.3204,0.2242,1.4152,2.3298,0.3631,0.4894,1.4104,1.731,1.4585,0.9513,1.0287,0.3712,0.7268,0.4618,0.2042,0.3399,0.2207,1.5416,3.8157,3.9389,0.1971,0.3359,0.7627,0.7228,0.5273,0.4481,0.5248,0.2211,0.2856,0.4317,1.0427,0.0908,1.6044,0.5525,0.1423,0.0788,0.6294,1.4284,0.7104,0.2311,0.6217,2.589,2.1876,1.0669,0.1798,0.2546,0.3144,0.2227,0.9154,0.0722,1.3122,5.1002,0.3701,0.187,0.3321,0.1033,1.0784,0.1774,0.4513,1.4822,0.1575,1.105,0.1511,0.1634
"RMS.C6",0.722,0.5596,0.3564,0.4564,0.7355,2.2497,1.3751,0.7172,0.7905,3.1896,2.4218,0.5176,0.2805,0.1726,0.1491,1.0141,0.9584,0.8301,0.852,0.3818,0.1099,0.7245,0.3427,3.2013,0.1639,1.5919,0.523,0.5028,0.9682,0.7176,2.1255,0.4393,1.1883,0.4022,1.9461,1.3711,1.5181,1.2232,0.9033,0.5333,0.2909,0.807,0.1334,0.9934,1.071,0.9989,1.2464,1.853,0.4564,0.4396,0.6868,1.6593,0.788,0.5141,0.6707,2.2042,2.1592,0.6691,0.154,0.9681,0.166,5.6229,0.9859,0.2885,1.673,0.1147,1.9411,0.5978,1.6229,1.2704,0.3243,0.8487,1.9068,1.5379,1.197,0.4469,1.0238,0.3126,0.7355,0.5528,0.1525,0.228,0.6772,1.3159,1.9143,2.2986,0.2047,0.8402,1.0581,0.6928,1.1056,0.4318,0.5243,1.5794,0.5604,1.0924,0.9339,0.2518,1.7094,1.0536,0.4542,0.0405,1.7701,1.8691,0.5407,0.2726,0.4761,2.7464,0.9659,1.074,0.1889,0.6154,0.3055,0.3189,0.7424,0.3104,0.466,4.4417,0.3011,0.1607,0.2508,0.4881,0.7037,0.4448,0.2221,1.1415,0.345,1.823,0.136,0.3339
"RMS.C7",0.4719,0.6965,0.1637,0.2101,0.5166,1.9032,4.1534,0.4748,0.7167,2.9642,1.7136,0.4427,0.154,0.3902,0.2799,1.5504,1.0338,0.6796,0.4169,0.4916,0.2717,0.9201,0.4309,4.8309,0.2849,1.0454,0.2936,0.244,0.8399,0.1402,1.2267,1.1972,0.8454,0.569,3.4039,0.4199,4.1224,0.3991,0.9405,0.6937,0.2702,1.0057,0.0872,1.6573,0.6861,0.3499,0.9079,5.4818,0.6167,0.2721,0.6273,1.929,0.8321,0.5398,0.4539,3.1254,0.6162,0.3054,0.3701,1.3172,0.1165,3.6446,1.0948,0.232,1.0626,0.3977,1.4307,0.2653,1.4568,3.937,0.2521,0.5758,0.4348,1.0194,0.2198,0.6554,2.0049,0.224,0.5971,0.4323,0.2451,0.5431,0.2468,1.1818,3.8226,2.1208,0.134,0.2275,0.2395,0.9042,0.5086,0.5806,0.4259,0.3191,0.2984,0.547,1.393,0.4354,1.3564,1.0458,0.5538,0.3597,2.3335,1.1219,0.3699,0.1556,0.2931,1.1923,2.3597,0.5012,0.0955,0.5411,1.1852,0.298,0.3482,0.1266,0.9528,4.1913,0.2883,0.211,0.3844,0.1066,1.1871,0.1254,0.3086,2.2364,0.09,0.8602,0.2693,0.316
"RMS.C8",0.1926,1.1236,0.1821,0.0854,0.7549,0.1198,2.3701,0.3533,1.7648,1.8593,0.7881,0.1678,0.3485,0.1334,0.1782,1.3265,0.4861,0.8074,0.77,0.5148,0.0893,0.1869,0.5492,4.0325,0.2145,3.2503,0.5355,0.3926,1.2484,0.9112,0.5317,0.8185,0.2213,0.3277,1.525,0.8458,3.787,1.9992,0.2727,0.4358,0.2483,1.583,0.2084,0.9314,0.9408,0.837,0.2374,1.5417,0.473,0.0783,0.3886,2.0221,0.4657,1.85,0.511,3.9425,0.4835,0.5726,0.5903,0.3149,0.1258,2.1197,0.199,0.4734,1.5596,0.8105,3.0561,0.2339,1.8027,2.4263,0.6723,0.4833,1.4592,0.1039,2.4066,1.3651,2.7436,0.3531,0.5864,1.8547,0.1986,0.9892,0.6487,0.8428,1.3055,2.1751,0.3786,0.4542,0.0846,0.761,0.9065,0.0628,0.0916,0.5714,0.2338,0.6797,0.1614,0.1011,3.516,1.5787,0.316,0.4306,1.0048,0.452,0.2773,0.3201,0.1245,1.2381,0.3815,0.7654,0.1468,0.2179,0.9867,0.4188,0.4948,0.1933,1.3507,3.2493,0.0734,0.4336,0.5419,0.2521,1.46,0.4331,0.4031,0.5678,0.1297,0.6992,0.162,0.3505
"RMS.C10",0.2241,0.6082,0.2317,0.4781,0.3888,2.0234,2.8839,0.3701,0.3546,5.2808,1.8296,0.742,0.133,0.4744,0.3041,0.6622,1.0799,0.5805,0.4449,0.8169,0.1839,1.4627,0.1676,7.4534,0.1887,0.7798,0.4582,0.2129,0.4863,0.0847,2.5094,1.1836,0.5686,0.4632,3.0111,0.4761,3.4903,0.5141,0.3899,0.172,0.1423,0.5173,0.0716,1.4737,0.8774,0.1338,0.9796,2.2931,0.4595,0.2855,0.2702,1.7173,0.6924,0.607,0.8388,1.4424,1.2183,0.5232,0.2385,0.5746,0.0871,3.2284,1.0549,0.0889,0.3857,0.3304,0.1763,0.2623,0.8794,4.3925,0.2047,0.1881,0.4109,1.2659,0.1542,0.3467,1.5448,0.1373,0.4182,0.3457,0.1877,0.5066,0.1337,0.8551,3.2362,2.6605,0.1069,0.1923,0.2933,1.702,0.5018,0.2239,0.3047,0.278,0.2452,0.3526,1.1604,0.2778,0.7434,1.1805,0.3107,0.3878,2.982,1.0142,0.4441,0.2064,0.179,1.8692,1.1779,0.7628,0.0852,0.3555,0.5171,0.2472,0.4558,0.125,1.0156,2.89,0.4342,0.124,0.5107,0.0359,0.8553,0.0959,0.3222,1.5262,0.0423,0.9223,0.0756,0.5697
"RMS.C11",0.2671,0.9628,0.3883,0.0686,1.2453,0.1058,2.5328,0.8934,1.0206,1.636,0.9972,0.312,0.415,0.0972,0.1134,0.752,0.6398,0.9371,0.9555,0.2222,0.0703,0.2545,1.6519,4.0388,0.3646,1.2889,0.5064,0.3807,1.0219,0.4243,0.7017,1.002,0.43,0.4404,2.1957,1.0032,1.9422,0.7174,1.3074,0.3296,0.2526,1.8246,0.2214,1.1313,1.2739,1.3983,0.3187,1.1128,0.6179,0.0925,0.0487,1.2166,0.3936,0.8455,0.4029,3.3217,0.3356,0.7662,0.3526,0.1334,0.1559,1.6734,0.2248,0.4922,2.8111,0.556,2.8692,0.1617,2.1201,1.0426,0.7882,0.8049,1.4928,0.1111,0.8462,0.477,0.9355,0.6756,0.4325,0.9921,0.255,0.9669,0.7213,1.7667,3.2321,2.6294,0.9125,1.0185,0.1144,0.6022,0.5083,0.1158,0.1882,0.8583,0.2514,0.6377,0.1291,0.0676,1.4458,1.2058,0.2551,0.6597,2.0579,1.2929,0.7062,0.458,0.2386,1.0878,0.4299,0.9593,0.3253,0.989,0.6284,0.4721,0.466,0.6389,1.8398,3.5035,0.0609,0.5911,0.477,0.2931,1.2441,0.3968,0.4016,0.5493,0.2123,0.6787,0.1011,0.6855
"RMS.T1",0.186,0.5748,0.5293,0.1665,0.1691,0.1911,1.4401,0.333,0.5489,4.2714,1.7594,0.3042,0.2777,0.2351,0.2074,1.7905,0.8957,0.3116,0.5463,0.174,0.1706,0.8321,0.5368,5.7691,0.1481,1.5489,0.1572,0.1233,0.869,0.5184,0.2728,0.7855,0.1851,0.5503,1.6106,0.2388,4.1619,1.7316,0.8223,0.1795,0.1409,1.6535,0.1551,0.8146,0.259,0.621,0.4108,2.5301,0.3335,0.1516,0.255,1.3815,0.3015,0.8442,0.5453,5.8949,0.4801,0.8791,0.3412,0.2278,0.2122,1.799,0.2547,0.6929,0.7906,0.3811,3.9402,0.1544,0.6357,2.5326,0.9982,0.5702,1.7941,0.1976,0.6669,0.858,1.9976,0.3362,0.4078,0.5797,0.1614,0.5948,0.1862,0.5206,2.5606,2.4921,0.1673,1.1604,0.1359,2.2556,0.8778,0.1593,0.0941,0.6664,0.431,1.2413,0.1491,0.2032,2.0721,0.4367,0.42,0.4482,1.714,2.7899,0.3603,0.2526,0.3306,0.7036,3.2837,0.9217,0.2194,0.4648,0.5138,0.2282,0.5435,0.1941,1.1466,4.953,0.3311,0.4743,0.5727,1.0427,1.3231,0.7036,0.735,1.3681,0.6364,0.8501,0.2649,0.282
"RMS.T4",0.2642,0.4098,0.327,0.1081,0.5472,0.1189,1.9661,0.3785,0.321,1.1054,2.0273,0.236,0.2015,0.2238,0.204,0.6704,0.5775,0.6016,0.8996,0.4004,0.2215,0.9471,1.2287,5.7085,0.1754,1.1525,0.3518,0.5408,0.8833,0.2153,0.1966,0.2031,0.2723,0.4356,1.9039,1.2213,2.0271,1.0124,0.7309,0.2947,0.1372,3.2267,0.1772,0.9615,1.9797,1.5158,0.5312,3.1228,0.6727,0.1028,0.1657,1.7024,0.4975,0.4448,0.7116,5.5482,0.8632,0.4143,0.2484,0.204,0.2039,3.0906,0.1435,0.6591,2.7532,0.3273,3.0745,0.0908,2.3769,1.2284,0.3152,0.5313,1.0017,0.1188,0.3276,0.3967,0.8571,0.2275,0.4548,0.3143,0.19,0.406,0.7986,1.7819,1.7834,4.1283,1.0605,0.5651,0.1542,1.577,0.3536,0.1218,0.1256,1.2402,0.2435,0.9969,0.1253,0.189,1.3843,0.5716,0.3616,2.1351,1.1637,1.7434,0.7394,0.3627,0.528,1.6742,0.5458,0.6701,0.1461,0.2182,0.5112,0.2067,0.6376,0.6053,1.5433,5.5867,0.1178,0.5384,0.4671,0.9227,2.0865,0.2489,0.4278,1.6514,1.0284,0.4481,0.2956,0.9931
"RMS.T2",0.1601,0.4043,0.5582,0.0938,0.6034,0.1659,1.5057,0.549,1.0915,2.8319,1.5918,0.8388,0.3448,0.3595,0.263,1.6472,0.5064,0.3104,0.3899,0.1596,0.2529,0.669,0.6194,4.7374,0.2613,1.907,0.148,0.2187,1.0138,0.7976,0.2214,0.4646,0.2142,0.5739,1.4662,0.7063,3.5614,1.466,1.2784,0.1859,0.1236,2.2678,0.2571,0.4461,0.4922,0.7128,0.6061,1.8827,0.6268,0.2135,0.1929,1.5656,0.2151,0.3706,0.5279,4.199,0.2812,0.5191,0.5257,0.2579,0.2618,1.6079,0.2948,0.7744,2.6571,0.2396,3.1416,0.1395,2.1525,1.4518,0.5811,1.2746,3.1735,0.2204,0.7245,0.9054,1.1144,0.2606,0.3355,0.5338,0.2309,0.4686,0.4733,1.008,2.3868,1.9208,0.2807,1.0695,0.172,1.0031,1.0487,0.105,0.147,0.5907,0.2635,1.2618,0.1723,0.2771,3.5049,0.2748,0.3897,0.2461,0.7544,2.6948,0.4695,0.1905,0.2429,0.5715,0.6477,0.3055,0.1796,0.4701,0.3213,0.1605,0.5909,0.3321,1.0831,3.868,0.2398,0.4524,0.6989,0.9922,1.51,0.3922,0.5372,0.7164,0.149,0.4317,0.5903,0.3472
"RMS.T6",0.2622,0.0113,0.3776,0.3012,0.4981,2.6149,0.7716,0.4848,0.0174,1.1733,5.766,0.6545,0.2817,0.1037,0.2003,0.3588,1.0586,0.5081,0.8207,0.1973,0.0749,0.8837,0.5637,7.6715,0.4657,0.5679,0.4559,0.391,0.0902,0.0324,1.765,1.2278,0.4809,0.5096,2.5541,0.5004,4.7393,0.95,1.4825,0.7878,0.0653,3.2457,0.0739,0.8944,1.4775,1.1043,1.5783,2.1341,0.2852,0.4135,0.2215,0.1907,0.5237,0.3692,0.8834,0.6386,0.5974,0.774,0.1074,0.1611,0.3217,3.3471,0.1014,0.1918,0.8277,0.2481,3.1598,0.3299,2.9417,0.7507,0.0882,0.5678,0.4941,0.9037,0.1817,0.3862,0.2179,0.3564,0.1299,0.0978,0.2482,0.397,0.2747,1.0903,2.6053,2.8827,0.2636,0.3471,0.1902,1.6143,1.5628,0.296,0.8895,0.8781,0.2415,0.538,0.9991,0.0991,3.1742,0.4255,0.0673,0.6752,1.9075,0.4222,0.6882,0.202,0.4199,1.0829,0.7543,0.4388,0.3142,1.8275,0.0425,0.2082,0.9109,0.0856,0.867,4.0418,0.1973,0.472,1.0068,0.5988,1.2558,0.1484,0.0749,1.1895,0.5454,0.3335,0.1521,0.8648
"RMS.T7",0.366,0.2443,0.3035,1.0486,0.5204,3.1337,0.3311,0.3239,0.1571,4.3262,2.1736,0.4486,0.3052,0.4376,0.2066,0.3318,0.7872,0.4103,3.682,0.2,0.1098,1.1447,0.5391,0.743,0.3809,0.7936,1.2071,0.2534,0.2911,0.1043,2.6042,0.6952,0.3665,0.5054,2.0353,0.4673,2.0126,0.7068,1.1684,0.2768,0.2168,1.0484,0.1684,2.4434,1.1195,0.8581,2.3476,0.8872,0.2939,0.6514,0.3044,1.6695,0.2076,0.1777,0.6799,2.6912,1.1386,0.7185,0.1452,0.2766,0.1952,3.3478,1.3022,0.3397,0.5398,0.1444,0.3482,0.3722,1.1778,0.5674,0.1526,0.3557,0.4641,1.3552,0.302,0.8045,0.1972,0.3399,0.3016,0.0905,0.1875,0.3454,0.2238,1.4252,7.1138,2.0043,0.12,0.4945,0.2102,1.1347,0.9282,0.3644,0.7387,0.4522,0.1405,0.2275,0.6662,0.1084,0.9187,0.3606,0.1171,0.2194,1.155,0.3642,0.5274,0.1936,0.3839,0.3829,2.4587,0.6567,0.2565,1.1975,0.0937,0.2563,0.4095,0.1292,0.0855,0.5909,0.3757,0.3189,1.0704,0.7256,0.3304,0.2349,0.3075,0.8967,0.3501,0.167,0.1647,1.4401
"RMS.T8",0.77,0.6594,0.2801,0.2604,0.5075,2.0596,2.5259,0.3301,0.6193,3.1233,2.4941,0.6771,0.1871,0.3833,0.6592,0.5952,0.9233,0.4003,0.7612,0.2415,0.1296,0.5692,0.5987,5.6365,0.8917,1.1722,0.9293,0.262,0.6245,0.1319,1.2152,1.1396,0.3517,0.2824,3.0324,0.4872,3.2979,0.5926,0.9095,0.2845,0.1147,3.4337,0.1448,1.5574,1.9936,1.3817,1.1842,2.2865,0.1893,0.3098,0.1506,1.2856,0.2335,0.4441,0.6017,2.4905,0.5876,0.4261,0.1246,0.1347,0.1314,3.4795,0.9647,0.5672,0.4963,0.3649,3.5611,0.736,2.0128,0.8567,0.2368,0.2838,0.6144,1.095,0.2383,0.4382,0.7789,0.2475,0.6956,0.2161,0.1532,0.2713,0.2938,1.2785,3.8928,1.4206,0.1063,0.2819,0.1322,1.0247,1.2592,0.3621,0.5939,1.1386,0.1764,0.4282,1.4077,0.2463,1.5648,0.3485,0.2155,1.1588,0.6065,1.2481,0.4869,0.1653,0.3413,0.4243,1.3481,0.4375,0.42,1.392,0.6056,0.2097,0.3107,0.2059,1.1549,2.0514,0.153,0.3242,0.4558,1.2261,1.7112,0.217,0.1605,0.7162,0.6824,0.2994,0.2031,0.5444
"RMS.T5",0.3958,0.7324,0.5505,0.5902,0.4449,1.1318,5.2634,0.4001,0.9351,6.549,1.4532,0.473,0.3881,0.4085,0.4064,0.9716,0.4967,0.5461,0.4369,0.3811,0.3209,0.6867,0.2565,5.7215,0.4104,0.8738,0.3643,0.3891,0.6727,0.3769,1.9178,0.9053,0.4108,0.4838,2.0658,0.6651,1.9241,0.851,0.4118,0.6266,0.292,0.8841,0.2788,1.1713,1.1817,0.9909,0.8632,1.8552,0.4793,0.4385,0.1751,1.7677,0.5564,0.501,0.669,2.6648,0.7703,0.6809,1.2731,0.404,0.2835,4.6129,1.1383,0.4792,0.4149,0.3437,0.9062,0.4644,1.3049,1.5833,0.2659,0.287,1.2246,1.0984,1.5114,0.6659,1.403,8.3337,1.4197,0.3936,0.3065,0.5108,0.3234,1.4098,4.2551,1.5736,0.2373,0.4946,0.345,0.9597,0.754,0.3906,0.8657,0.6755,0.3449,0.667,0.9046,0.3097,1.757,0.4993,0.3005,0.5133,1.2925,1.243,0.4513,0.367,0.3789,0.6819,1.7372,0.5717,0.3069,2.0513,1.1186,0.3573,0.6135,0.2769,1.9367,7.9145,0.4229,0.3835,1.0298,0.8234,1.5225,0.3138,0.3754,1.1358,0.4988,0.6356,0.3699,0.6624
"RMS.T9",0.7291,0.3663,0.7064,0.475,0.6772,1.9652,1.4271,0.63,0.7713,2.4586,1.285,0.4929,0.5967,0.3447,0.4624,0.6057,0.6226,0.6559,0.4976,0.5681,0.3197,0.8033,0.7489,2.8262,1.0095,0.7681,0.7234,0.5277,0.2952,0.3517,0.7497,1.3988,0.8873,0.6615,1.5506,0.556,1.6563,0.4821,0.8023,0.4563,0.2203,1.3423,0.3464,1.2764,1.131,0.8617,1.4502,2.6621,0.4729,0.607,0.2381,0.7856,0.589,0.3504,0.6111,1.7756,1.0296,0.4723,0.5379,0.2341,0.4762,2.8879,0.5968,0.5738,1.1011,0.5393,2.5125,3.7702,1.3757,0.812,0.2723,0.4491,0.4049,0.8619,0.3712,0.1871,0.4507,0.3972,0.318,0.4341,0.2729,0.4019,0.5907,1.3999,2.74,1.1823,0.385,0.4122,0.4842,0.7972,0.9431,1.0431,0.8535,0.5451,0.5113,0.5414,0.8758,0.5249,1.1312,0.5934,1.3305,0.6358,0.6127,0.2945,0.8975,0.5064,0.611,0.5721,0.6931,0.3658,1.3342,1.2408,1.1176,0.2901,0.8208,0.4067,1.1157,0.701,0.5901,0.5546,1.5496,1.1605,1.8781,0.6465,0.4487,0.4893,0.5796,0.4747,0.6159,0.7206
"RMS.T3",0.2064,0.371,0.3285,0.1707,0.8829,0.1557,0.99,0.4854,0.4261,1.6202,1.8607,0.4797,0.3119,0.3483,0.2125,0.5085,0.7358,0.3238,1.0007,0.2141,0.2182,0.553,0.5978,4.9234,0.202,1.8806,0.1693,0.2679,0.4236,0.6517,0.4763,0.5684,0.2082,0.7514,2.2245,1.8924,5.4353,2.4811,1.7544,0.1981,0.1092,2.5632,0.2141,0.4229,1.2684,0.6333,0.8035,1.7275,0.6142,0.1323,0.1135,0.5318,0.1992,0.4375,0.3406,4.1243,0.2972,0.4471,0.4178,0.5084,0.2879,1.5738,0.1313,0.3662,1.3582,0.6411,1.1235,0.1347,2.765,2.9887,0.529,3.9789,1.2555,0.2266,0.253,0.6947,1.9846,0.1285,0.2096,1.7536,0.2113,0.3697,0.7126,1.0467,3.3283,1.33,0.572,0.4161,0.1672,0.7649,1.1987,0.1261,0.0727,0.2383,0.7564,0.7709,0.1283,0.19,3.0648,0.1661,0.2978,1.0655,1.1598,1.2136,0.3089,0.2379,0.1499,0.5309,0.5032,0.3546,0.1358,0.2784,0.3045,0.2068,0.5646,0.6642,0.8483,2.7369,0.1192,0.2933,0.5495,0.2499,0.8159,0.5889,0.6097,0.646,0.156,1.0611,0.2915,0.6417
"RMS.T10",0.3118,0.3401,0.2017,0.2613,0.5424,0.3873,1.3037,0.548,0.5766,4.5241,2.4438,0.4147,0.1314,0.0634,0.0855,0.6581,0.6921,0.6809,1.1123,0.4575,0.0657,0.5673,0.3728,8.0781,0.2751,1.1163,0.2529,0.2394,1.7078,0.26,4.5507,0.7662,0.5337,0.2657,2.6336,1.1208,1.8488,0.8623,0.4263,0.8228,0.6265,1.6272,0.0604,0.6066,1.931,0.4962,0.5693,3.8628,0.4461,0.4111,0.1671,0.9703,0.476,0.4561,0.649,1.7404,0.8059,0.6489,0.2298,0.1085,0.075,5.7428,0.9069,0.3525,2.201,0.4739,0.9037,0.0629,5.688,1.2502,0.1707,0.317,0.9984,1.468,0.9401,0.5611,0.375,0.3149,0.247,1.0635,0.0546,0.3595,0.3641,1.2197,5.3613,1.8541,0.1329,0.1212,0.0694,1.3484,0.6064,0.078,0.7435,0.814,0.5351,0.7566,0.9625,0.1461,4.3046,0.5663,0.1266,1.3514,0.6189,0.5968,0.6407,0.1509,0.4746,1.1575,0.4354,0.138,0.0987,1.6408,0.5078,0.2232,0.771,1.1073,0.8106,2.9856,0.1231,0.4776,0.3802,0.4747,2.8437,0.1554,0.1506,0.727,0.5509,0.7529,0.1499,0.8647
"RMS.T11",0.4405,0.1497,0.1168,0.1776,0.5012,0.1456,1.7675,0.2298,0.2539,1.7358,2.0996,0.0913,0.0945,0.4323,0.0682,1.2877,0.1378,0.4513,0.8511,0.1183,0.1647,1.5458,0.0996,10.841,0.1516,0.6619,0.0991,0.2358,0.4241,0.4058,0.879,1.6046,0.3014,0.1006,0.2207,0.4418,9.6952,0.8783,0.337,0.1956,0.8755,2.2185,0.0923,1.1046,1.2451,1.0099,0.2223,1.6377,0.1702,0.4213,0.0962,1.7872,0.4072,0.4991,2.4826,0.2671,0.563,0.1569,0.2508,0.2319,0.0776,5.5011,0.2325,0.5832,2.1148,0.0955,0.2289,0.2485,1.0575,2.2094,0.1521,0.2072,0.9972,0.2113,1.0746,0.1168,0.7871,0.4204,0.1148,0.1952,0.1366,0.4546,0.1385,1.4421,0.6903,0.1337,0.1315,0.0966,0.1659,1.0365,0.4517,0.1154,0.5555,0.4611,0.6731,0.9694,0.0789,0.1113,2.5892,0.668,0.5913,1.8461,0.2662,0.7161,0.4547,0.1141,0.1873,0.9189,0.2544,0.1354,0.5348,0.4341,0.1876,0.2498,0.6594,0.6299,0.6124,0.6343,0.1533,0.1151,0.2123,0.1487,1.3632,0.2615,0.3607,1.7088,0.2211,0.2495,0.1745,0.2135
